Item,Parameter,SM_Est,SM_SE,SM_Z,Stan_Est,Stan_SE,Stan_Z,Stan_Pr_Pos_Approx,Stan_Pr_Neg_Approx,Stan_Pr_Direction_Approx,Z_Diff,Z_Diff_Abs,Same_Sign,SM_Sig_Approx,Stan_Sig_Approx,Sig_Agree_Approx
Q1_Speech,t_abs,-0.6106657544857033,0.031216119705343742,-19.56251322233257,-4.91723,0.26447448979591837,-18.592454810270656,1.84928230976431e-77,1.0,1.0,-0.9700584120619133,0.9700584120619133,True,True,True,True
Q1_Speech,Sex_Female,-0.19819522767437578,0.07281201585860012,-2.72201264224394,1.09448,0.5856178061224491,1.868932243107292,0.969183879122602,0.030816120877398052,0.969183879122602,-4.590944885351232,4.590944885351232,False,True,False,False
Q1_Speech,Treatment_Active,0.11494667704018358,0.07715213804622326,1.4898702738648268,-0.889152,0.5288933673469388,-1.6811555124243824,0.04636635605665798,0.953633643943342,0.953633643943342,3.171025786289209,3.171025786289209,False,False,False,True
Q1_Speech,Age_Base,-0.05249716965531305,0.03529348837253289,-1.4874463272428717,-0.28151,0.24227729591836736,-1.1619330607637772,0.12263132830332885,0.8773686716966711,0.8773686716966711,-0.3255132664790945,0.3255132664790945,True,False,False,True
Q1_Speech,Bulbar_Onset,-0.9869371002462725,0.07286999713415054,-13.543805942922758,-1.92204,0.4495076530612245,-4.275878256822941,9.51926238946409e-06,0.9999904807376105,0.9999904807376105,-9.267927686099817,9.267927686099817,True,True,True,True
Q1_Speech,FVC_Base,0.09111419462430353,0.029173287100719873,3.12320631918284,0.246768,0.20005663265306123,1.2334907207397905,0.8913036316994352,0.1086963683005649,0.8913036316994352,1.8897155984430494,1.8897155984430494,True,True,False,False
Q1_Speech,BMI_Base,-0.012047299641106195,0.037157337473554895,-0.3242239745966818,-0.260371,0.2798607142857143,-0.9303592348234454,0.17609255887295683,0.8239074411270432,0.8239074411270432,0.6061352602267636,0.6061352602267636,True,False,False,True
Q2_Salivation,t_abs,-0.33323199868301107,0.03389797074513034,-9.830440918970996,-2.16144,0.22030102040816327,-9.811302716598345,5.033027053774718e-23,1.0,1.0,-0.019138202372651847,0.019138202372651847,True,True,True,True
Q2_Salivation,Sex_Female,-0.06746068998645774,0.05806707443148361,-1.1617718069481553,0.861784,0.38473010204081637,2.239970294574383,0.9874535742859658,0.012546425714034248,0.9874535742859658,-3.4017421015225384,3.4017421015225384,False,False,True,False
Q2_Salivation,Treatment_Active,0.11576427983233976,0.06141420403787085,1.8849756606949448,-0.102652,0.35694158163265305,-0.2875876761975142,0.38683118975014186,0.6131688102498581,0.6131688102498581,2.172563336892459,2.172563336892459,False,False,False,True
Q2_Salivation,Age_Base,-0.08661801935080986,0.028095352084764127,-3.0830017395575577,-0.450215,0.17293698979591837,-2.603347037156685,0.004615922647720325,0.9953840773522796,0.9953840773522796,-0.4796547024008726,0.4796547024008726,True,True,True,True
Q2_Salivation,Bulbar_Onset,-0.9585697291709481,0.0774469467590229,-12.377114518840223,-2.23564,0.410469387755102,-5.446545020633422,2.5678804282960146e-08,0.9999999743211957,0.9999999743211957,-6.930569498206801,6.930569498206801,True,True,True,True
Q2_Salivation,FVC_Base,0.09574383927835237,0.031070842856299078,3.0814690068487134,0.325369,0.1858219387755102,1.7509719365971923,0.9600246279321409,0.03997537206785902,0.9600246279321409,1.330497070251521,1.330497070251521,True,True,False,False
Q2_Salivation,BMI_Base,-0.03465845230890372,0.03993916413731599,-0.8677811130384075,-0.26046,0.246140306122449,-1.058176956481184,0.14498738740730638,0.8550126125926936,0.8550126125926936,0.1903958434427765,0.1903958434427765,True,False,False,True
Q3_Swallowing,t_abs,-0.4802791715195074,0.031990791696120346,-15.01304425603674,-3.63463,0.2559081632653061,-14.20286853542805,4.39688848956733e-46,1.0,1.0,-0.8101757206086884,0.8101757206086884,True,True,True,True
Q3_Swallowing,Sex_Female,-0.14478917497899907,0.054321317008384634,-2.66542092410334,0.513348,0.4004604591836735,1.281894349935183,0.9000601448759167,0.09993985512408332,0.9000601448759167,-3.947315274038523,3.947315274038523,False,True,False,False
Q3_Swallowing,Treatment_Active,0.02444471708354251,0.057449207163205125,0.42550138271009563,-0.787113,0.4244772193877551,-1.8543115249748683,0.03184730211832521,0.9681526978816748,0.9681526978816748,2.279812907684964,2.279812907684964,False,False,False,True
Q3_Swallowing,Age_Base,-0.06834986572352827,0.026280832659194994,-2.6007496265387315,-0.393279,0.19704767857142858,-1.9958570578005503,0.02297474202202255,0.9770252579779775,0.9770252579779775,-0.6048925687381812,0.6048925687381812,True,True,True,True
Q3_Swallowing,Bulbar_Onset,-1.0267220714293939,0.07268473019268244,-14.1256914445114,-1.87513,0.42404336734693876,-4.42202412392841,4.8890267993394235e-06,0.9999951109732007,0.9999951109732007,-9.70366732058299,9.70366732058299,True,True,True,True
Q3_Swallowing,FVC_Base,0.19932134533832047,0.02929712820822452,6.803443119806037,0.715003,0.1939872448979592,3.685824809647173,0.9998860184336297,0.00011398156637027252,0.9998860184336297,3.1176183101588637,3.1176183101588637,True,True,True,True
Q3_Swallowing,BMI_Base,-0.06949766463666182,0.037662106359949,-1.8452941524950843,-0.543663,0.2573428826530612,-2.1126016557953284,0.017317438443768922,0.9826825615562311,0.9826825615562311,0.2673075033002441,0.2673075033002441,True,False,True,False
Q4_Handwriting,t_abs,-1.0128628618471047,0.037088909867060454,-27.309049132949912,-4.9422,0.21914030612244892,-22.552674528246982,6.32052707371517e-113,1.0,1.0,-4.7563746047029305,4.7563746047029305,True,True,True,True
Q4_Handwriting,Sex_Female,0.10681728261233121,0.07434331655446064,1.43681083334615,-0.552407,0.39437882653061224,-1.4007014647808973,0.08065168225330083,0.9193483177466992,0.9193483177466992,2.8375122981270473,2.8375122981270473,False,False,False,True
Q4_Handwriting,Treatment_Active,-0.1256728383940434,0.0787081260618551,-1.5966945813864213,0.564518,0.38351173469387756,1.471970604629877,0.9294855921560747,0.0705144078439253,0.9294855921560747,-3.0686651860162986,3.0686651860162986,False,False,False,True
Q4_Handwriting,Age_Base,0.12322416641917885,0.03600682281351768,3.422244918896817,0.669716,0.1794844387755102,3.7313318333833156,0.999904764931417,9.523506858299439e-05,0.999904764931417,-0.3090869144864987,0.3090869144864987,True,True,True,True
Q4_Handwriting,Bulbar_Onset,0.2740353934238645,0.08500500136654363,3.223756120445399,-0.132493,0.4655602040816327,-0.2845883278648282,0.3879797773262279,0.6120202226737721,0.6120202226737721,3.508344448310227,3.508344448310227,False,True,False,False
Q4_Handwriting,FVC_Base,0.18712088408712207,0.0344782354734985,5.427217533535075,0.757757,0.17782780612244897,4.261183987605529,0.9999898326631855,1.0167336814450787e-05,0.9999898326631855,1.1660335459295466,1.1660335459295466,True,True,True,True
Q4_Handwriting,BMI_Base,-0.0025621590764078406,0.044116035206068285,-0.058077727620804154,-0.144171,0.23452423469387756,-0.6147381748764051,0.2693638223226893,0.7306361776773107,0.7306361776773107,0.5566604472556009,0.5566604472556009,True,False,False,True
Q5_Cutting,t_abs,-1.171020541227966,0.03703027442344143,-31.62332873468175,-5.3486,0.20265561224489798,-26.392557999018138,8.340259659913529e-154,1.0,1.0,-5.2307707356636115,5.2307707356636115,True,True,True,True
Q5_Cutting,Sex_Female,-0.04722062631480197,0.08614795265235715,-0.5481340514888015,-0.236775,0.42734260204081637,-0.554063645583796,0.2897676445299499,0.71023235547005,0.71023235547005,0.005929594094994495,0.005929594094994495,True,False,False,True
Q5_Cutting,Treatment_Active,-0.09472715246107646,0.0912794097974266,-1.0377713075851533,-0.138329,0.4264387755102041,-0.3243818525519849,0.3728244785837243,0.6271755214162757,0.6271755214162757,-0.7133894550331685,0.7133894550331685,True,False,False,True
Q5_Cutting,Age_Base,0.1549628175560285,0.0417559991882341,3.7111509859329037,0.709925,0.20047933673469387,3.541138012340322,0.9998007974382563,0.00019920256174363324,0.9998007974382563,0.1700129735925815,0.1700129735925815,True,True,True,True
Q5_Cutting,Bulbar_Onset,0.09593671287101409,0.08565695045073546,1.1200108381886758,-0.334115,0.44844591836734693,-0.7450508217722429,0.2281204985878259,0.7718795014121741,0.7718795014121741,1.8650616599609187,1.8650616599609187,False,False,False,True
Q5_Cutting,FVC_Base,0.13735040233547188,0.03471153608570052,3.9569093685846313,0.646005,0.16423494897959184,3.9334197989751494,0.9999581271051032,4.1872894896731196e-05,0.9999581271051032,0.023489569609481897,0.023489569609481897,True,True,True,True
Q5_Cutting,BMI_Base,0.08012112815555611,0.04423993437301824,1.811058928794923,0.231826,0.22617551020408166,1.0249827657769837,0.8473143401864011,0.15268565981359894,0.8473143401864011,0.7860761630179394,0.7860761630179394,True,False,False,True
Q6_Dressing_and_Hygiene,t_abs,-1.1519459982623124,0.03665100079938619,-31.43013759890574,-5.19833,0.19608418367346941,-26.510705262473166,3.6474842448913397e-155,1.0,1.0,-4.919432336432575,4.919432336432575,True,True,True,True
Q6_Dressing_and_Hygiene,Sex_Female,-0.059176385604661506,0.07369383160205907,-0.8030032408168076,-0.281344,0.3694752551020408,-0.7614691271335587,0.22318845606873344,0.7768115439312666,0.7768115439312666,-0.041534113683248886,0.041534113683248886,True,False,False,True
Q6_Dressing_and_Hygiene,Treatment_Active,-0.0755059831784926,0.07802103554475576,-0.9677644323905387,-0.208559,0.3511857142857143,-0.5938709677419354,0.2762992091541244,0.7237007908458756,0.7237007908458756,-0.3738934646486033,0.3738934646486033,True,False,False,True
Q6_Dressing_and_Hygiene,Age_Base,0.09143762143710649,0.035692310214240006,2.561829729940709,0.425587,0.1620686224489796,2.625967899085327,0.9956798517265434,0.004320148273456579,0.9956798517265434,-0.06413816914461767,0.06413816914461767,True,True,True,True
Q6_Dressing_and_Hygiene,Bulbar_Onset,0.0484755913057406,0.08449828754953229,0.573687262920264,-0.517607,0.4114961734693878,-1.257865888851348,0.10422013094043453,0.8957798690595655,0.8957798690595655,1.8315531517716122,1.8315531517716122,False,False,False,True
Q6_Dressing_and_Hygiene,FVC_Base,0.12356942155249398,0.03414023419243418,3.6194661365234047,0.477721,0.1573494897959184,3.0360505179877104,0.9988015040007252,0.001198495999274746,0.9988015040007252,0.5834156185356942,0.5834156185356942,True,True,True,True
Q6_Dressing_and_Hygiene,BMI_Base,-0.03311623638147547,0.043614498726030626,-0.7592942106132832,-0.126031,0.19332908163265305,-0.6518988190275121,0.25723322341290766,0.7427667765870923,0.7427667765870923,-0.10739539158577105,0.10739539158577105,True,False,False,True
Q7_Turning_in_Bed,t_abs,-1.1834762382353807,0.03789856116395395,-31.2274714893664,-5.2266,0.20127551020408155,-25.967391634981002,5.78464520523873e-149,1.0,1.0,-5.260079854385399,5.260079854385399,True,True,True,True
Q7_Turning_in_Bed,Sex_Female,-0.20728510512997433,0.07336559990195513,-2.8253719100912087,0.0385478,0.3836762755102041,0.10046959496971763,0.5400142398129709,0.4599857601870291,0.5400142398129709,-2.9258415050609266,2.9258415050609266,False,True,False,False
Q7_Turning_in_Bed,Treatment_Active,-0.03335631720705052,0.07765446190246886,-0.42954797947019224,-0.815104,0.3455038265306123,-2.3591750290724502,0.009157807403096267,0.9908421925969038,0.9908421925969038,1.929627049602258,1.929627049602258,True,False,True,False
Q7_Turning_in_Bed,Age_Base,0.044622169127401475,0.03552459223067551,1.2560923665964054,0.242331,0.16941841836734692,1.4303698637686373,0.9236945535620191,0.07630544643798085,0.9236945535620191,-0.17427749717223184,0.17427749717223184,True,False,False,True
Q7_Turning_in_Bed,Bulbar_Onset,0.37945878610458256,0.08673764883480561,4.37478754845284,0.325292,0.43422729591836734,0.7491284013180816,0.7731100908602289,0.2268899091397712,0.7731100908602289,3.6256591471347583,3.6256591471347583,True,True,False,False
Q7_Turning_in_Bed,FVC_Base,0.18707722210916364,0.03517884030024173,5.317890541942571,0.612956,0.16661045918367348,3.6789767161272238,0.9998829141781852,0.00011708582181480812,0.9998829141781852,1.6389138258153473,1.6389138258153473,True,True,True,True
Q7_Turning_in_Bed,BMI_Base,-0.03326375914106883,0.04502941488957457,-0.7387117781263957,-0.198241,0.20254362244897958,-0.9787570578774288,0.1638500160722418,0.8361499839277582,0.8361499839277582,0.24004527975103318,0.24004527975103318,True,False,False,True
Q8_Walking,t_abs,-0.8530162665371097,0.030008584242777938,-28.42574176895407,-5.89636,0.2547219387755101,-23.148222050855786,7.574746600247645e-119,1.0,1.0,-5.277519718098283,5.277519718098283,True,True,True,True
Q8_Walking,Sex_Female,-0.29541787459124236,0.07087574336357795,-4.168109716688396,0.0401741,0.505769387755102,0.07943165595354823,0.5316553548150792,0.46834464518492086,0.5316553548150792,-4.247541372641944,4.247541372641944,False,True,False,False
Q8_Walking,Treatment_Active,-0.0021782840134071647,0.07510331160843044,-0.02900383440831722,-1.96304,0.47819132653061225,-4.105135101973316,2.0203932715927086e-05,0.999979796067284,0.999979796067284,4.076131267564999,4.076131267564999,True,False,True,False
Q8_Walking,Age_Base,0.031385622320135656,0.034355610050077166,0.9135515938848875,0.228201,0.2525372448979592,0.9036330466510294,0.8169049939490329,0.18309500605096707,0.8169049939490329,0.0099185472338581,0.0099185472338581,True,False,False,True
Q8_Walking,Bulbar_Onset,-0.021909239504037933,0.06974518749441411,-0.31413263468239505,-0.600912,0.49225663265306124,-1.220729107825995,0.11109430150601357,0.8889056984939865,0.8889056984939865,0.9065964731435999,0.9065964731435999,True,False,False,True
Q8_Walking,FVC_Base,0.10423910531965862,0.028124863060996534,3.7062973460026214,0.632643,0.20285051020408165,3.1187646477374757,0.9990919451826087,0.0009080548173912926,0.9990919451826087,0.5875326982651456,0.5875326982651456,True,True,True,True
Q8_Walking,BMI_Base,0.011426546384997457,0.035850765252698515,0.3187253132382543,-0.0465723,0.2452517857142857,-0.18989586503666056,0.42469536636921273,0.5753046336307872,0.5753046336307872,0.5086211782749148,0.5086211782749148,False,False,False,True
Q9_Climbing_Stairs,t_abs,-1.2531091983524991,0.043927238231695406,-28.52692882131448,-5.4154,0.20636989795918378,-26.241230206311716,4.500261037117161e-152,1.0,1.0,-2.285698615002765,2.285698615002765,True,True,True,True
Q9_Climbing_Stairs,Sex_Female,-0.5073820600737364,0.09827591420107844,-5.162832258528801,-0.0641532,0.45754923469387754,-0.14021048476438075,0.4442468440472693,0.5557531559527308,0.5557531559527308,-5.0226217737644205,5.0226217737644205,True,True,False,False
Q9_Climbing_Stairs,Treatment_Active,-0.028173747057891187,0.10410948692567264,-0.27061652006800685,-2.23192,0.41533928571428574,-5.373727159379165,3.856276673889927e-08,0.9999999614372332,0.9999999614372332,5.103110639311158,5.103110639311158,True,False,True,False
Q9_Climbing_Stairs,Age_Base,-7.987579085076452e-06,0.047625282167294045,-0.00016771720232582272,-0.0786212,0.2018795918367347,-0.389446002365524,0.34847312384503293,0.6515268761549671,0.6515268761549671,0.3892782851631982,0.3892782851631982,True,False,False,True
Q9_Climbing_Stairs,Bulbar_Onset,-0.14816591755050673,0.10186123054267576,-1.454585977031086,0.302344,0.4281048469387755,0.706238208144462,0.7599799933955915,0.24002000660440853,0.7599799933955915,-2.160824185175548,2.160824185175548,False,False,False,True
Q9_Climbing_Stairs,FVC_Base,0.16134332705092228,0.04108015798352,3.9275245025992325,0.822016,0.16289107142857143,5.0464153301395545,0.9999997749118735,2.2508812641867072e-07,0.9999997749118735,-1.118890827540322,1.118890827540322,True,True,True,True
Q9_Climbing_Stairs,BMI_Base,-0.23512422054809395,0.052418018345189894,-4.485561033607254,-0.836855,0.2022543367346939,-4.137636866089751,1.7545056970791622e-05,0.9999824549430292,0.9999824549430292,-0.3479241675175029,0.3479241675175029,True,True,True,True
R_1_Dyspnea,t_abs,-0.7108890282573029,0.0445743772984347,-15.948378224058038,-2.67086,0.19253061224489793,-13.872391350434599,4.655985219636524e-44,1.0,1.0,-2.075986873623439,2.075986873623439,True,True,True,True
R_1_Dyspnea,Sex_Female,0.031943363984645985,0.056837868464796514,0.562008478633055,-0.00749683,0.2611798469387755,-0.028703707762557082,0.4885504496103263,0.5114495503896738,0.5114495503896738,0.5907121863956121,0.5907121863956121,False,False,False,True
R_1_Dyspnea,Treatment_Active,-0.007765666722720214,0.05998120925907376,-0.12946832547470605,0.077038,0.24765,0.3110761154855643,0.6221286209707495,0.3778713790292505,0.6221286209707495,-0.44054444096027034,0.44054444096027034,False,False,False,True
R_1_Dyspnea,Age_Base,-0.058351565702178365,0.027425527520491003,-2.127636949137294,-0.325471,0.11805275510204083,-2.756996223583887,0.0029167512618880286,0.9970832487381119,0.9970832487381119,0.629359274446593,0.629359274446593,True,True,True,True
R_1_Dyspnea,Bulbar_Onset,0.14774953852431216,0.0966004922217636,1.5294905349460004,0.740083,0.3854091581632653,1.9202527607984068,0.972587009925963,0.02741299007403702,0.972587009925963,-0.3907622258524064,0.3907622258524064,True,False,False,True
R_1_Dyspnea,FVC_Base,0.27038182956703494,0.03974779145234147,6.802436555279533,0.626644,0.17140102040816324,3.6560109065147377,0.9998719147698755,0.000128085230124515,0.9998719147698755,3.146425648764795,3.146425648764795,True,True,True,True
R_1_Dyspnea,BMI_Base,0.04358759857444212,0.051648502896140036,0.843927628688336,0.260459,0.19864285714285715,1.3111923768428622,0.9051036114010773,0.09489638859892274,0.9051036114010773,-0.4672647481545261,0.4672647481545261,True,False,False,True
R_2_Orthopnea,t_abs,-0.6524497334313109,0.03425497069003852,-19.0468629891733,-4.29013,0.27573469387755095,-15.558905336392575,6.922325200560253e-55,1.0,1.0,-3.4879576527807234,3.4879576527807234,True,True,True,True
R_2_Orthopnea,Sex_Female,0.08915220589710038,0.04240474740815464,2.102410964484509,0.498983,0.32433367346938774,1.538486567436534,0.9380351548068027,0.06196484519319732,0.9380351548068027,0.563924397047975,0.563924397047975,True,True,False,False
R_2_Orthopnea,Treatment_Active,0.03900579464005603,0.044738925587765786,0.8718536291967297,0.389696,0.3207155612244898,1.2150829180603004,0.8878327660298724,0.11216723397012757,0.8878327660298724,-0.34322928886357074,0.34322928886357074,True,False,False,True
R_2_Orthopnea,Age_Base,-0.05888005488914471,0.020454371286324855,-2.8786049722540263,-0.381478,0.1627236224489796,-2.3443308000324827,0.009530628484609924,0.99046937151539,0.99046937151539,-0.5342741722215436,0.5342741722215436,True,True,True,True
R_2_Orthopnea,Bulbar_Onset,0.08574311447454257,0.0737732074354039,1.1622527670308975,0.655454,0.4839696428571429,1.3543287470067116,0.9121842406399363,0.08781575936006364,0.9121842406399363,-0.19207597997581405,0.19207597997581405,True,False,False,True
R_2_Orthopnea,FVC_Base,0.28231312344926124,0.030211814302316682,9.344461098041805,0.965919,0.21838775510204084,4.422954022988505,0.9999951319766915,4.86802330849226e-06,0.9999951319766915,4.9215070750533,4.9215070750533,True,True,True,True
R_2_Orthopnea,BMI_Base,-0.1389784994245606,0.039477923741860224,-3.5204105548538616,-0.816265,0.2958645408163265,-2.758914595672144,0.002899684451001333,0.9971003155489987,0.9971003155489987,-0.7614959591817176,0.7614959591817176,True,True,True,True
