Item,Covariate,Model,Estimate,SE,Z_Score,P_Value
R_3_Respiratory_Insufficiency,Sex_Female,1. Naive LMM,0.050625855127530615,0.028952800377001334,1.7485650599706852,0.08036623034643907
R_3_Respiratory_Insufficiency,Treatment_Active,1. Naive LMM,0.03316271823240767,0.030412321954825326,1.0904369052013787,0.275520732478451
R_3_Respiratory_Insufficiency,Age_Base,1. Naive LMM,-0.0375815860958961,0.013954852093825066,-2.693083799327813,0.007079447287966248
R_3_Respiratory_Insufficiency,Treatment_Active,4. IRT + Latent OU,1.62806,0.7828686224489796,2.07960819135538,
R_3_Respiratory_Insufficiency,Sex_Female,4. IRT + Latent OU,2.28152,0.8405918367346938,2.714182912913642,
R_3_Respiratory_Insufficiency,Age_Base,4. IRT + Latent OU,-0.83153,0.38728711734693877,-2.147063413046865,
R_2_Orthopnea,Sex_Female,1. Naive LMM,0.0808046252352108,0.0432910522354715,1.8665433400808333,0.06196538633309156
R_2_Orthopnea,Treatment_Active,1. Naive LMM,0.04602608102203199,0.04552523003084321,1.0110016136293976,0.3120156574800762
R_2_Orthopnea,Age_Base,1. Naive LMM,-0.06165219469724881,0.020884997608937323,-2.9519847620603015,0.0031573851164191495
R_2_Orthopnea,Sex_Female,4. IRT + Latent OU,1.39079,0.4561512755102041,3.0489665921560882,
R_2_Orthopnea,Age_Base,4. IRT + Latent OU,-0.384661,0.22243543367346938,-1.7293153057829553,
R_2_Orthopnea,Treatment_Active,4. IRT + Latent OU,1.06718,0.4254076530612245,2.5086055512179795,
R_1_Dyspnea,Sex_Female,1. Naive LMM,0.02199328215274301,0.05804234519397019,0.3789178758929233,0.7047488492930827
R_1_Dyspnea,Treatment_Active,1. Naive LMM,0.014622961961566216,0.0610690827126982,0.23944951048897345,0.8107570425370262
R_1_Dyspnea,Age_Base,1. Naive LMM,-0.061134153477728936,0.028012025004831007,-2.1824253500839594,0.02907815510094777
R_1_Dyspnea,Age_Base,4. IRT + Latent OU,-0.239563,0.15889114795918366,-1.507717724221739,
R_1_Dyspnea,Sex_Female,4. IRT + Latent OU,0.657162,0.33077875,1.9867116614957883,
R_1_Dyspnea,Treatment_Active,4. IRT + Latent OU,0.468746,0.30918112244897955,1.5160886805996752,
Q9_Climbing_Stairs,Sex_Female,1. Naive LMM,-0.5125627554841794,0.09840709706322537,-5.208595424320505,1.9027548856918025e-07
Q9_Climbing_Stairs,Treatment_Active,1. Naive LMM,-0.03614965985848449,0.1041381112630109,-0.3471318945586119,0.7284922331770147
Q9_Climbing_Stairs,Age_Base,1. Naive LMM,-0.0031754324465311924,0.04768790245826482,-0.06658779864159985,0.9469098594600082
Q9_Climbing_Stairs,Age_Base,4. IRT + Latent OU,0.277566,0.29405229591836735,0.9439341363859163,
Q9_Climbing_Stairs,Treatment_Active,4. IRT + Latent OU,-2.26855,0.5828367346938775,-3.8922563815259634,
Q9_Climbing_Stairs,Sex_Female,4. IRT + Latent OU,0.933486,0.5907331632653061,1.5802160062254014,
Q8_Walking,Sex_Female,1. Naive LMM,-0.3003735484682263,0.07088535313948026,-4.237455767162292,2.2606693826862954e-05
Q8_Walking,Treatment_Active,1. Naive LMM,0.006345878083527615,0.07504310103341391,0.08456311101405618,0.9326087271269561
Q8_Walking,Age_Base,1. Naive LMM,0.02953278972437193,0.0343598177500114,0.8595153192965388,0.3900562718751157
Q8_Walking,Age_Base,4. IRT + Latent OU,0.679061,0.3530723979591837,1.9232910981574425,
Q8_Walking,Treatment_Active,4. IRT + Latent OU,-2.13363,0.6863647959183674,-3.1085947482856664,
Q8_Walking,Sex_Female,4. IRT + Latent OU,1.2043,0.699866581632653,1.7207565436123575,
Q7_Turning_in_Bed,Sex_Female,1. Naive LMM,-0.20780912779210126,0.07449102992219947,-2.78972015837535,0.0052753616495574175
Q7_Turning_in_Bed,Treatment_Active,1. Naive LMM,-0.02678403224916579,0.0787453969140207,-0.3401345767348195,0.7337551839632638
Q7_Turning_in_Bed,Age_Base,1. Naive LMM,0.04599494515925917,0.03607236994134475,1.2750741144551623,0.2022830105302602
Q7_Turning_in_Bed,Sex_Female,4. IRT + Latent OU,0.74995,0.4837969387755102,1.550133826597008,
Q7_Turning_in_Bed,Treatment_Active,4. IRT + Latent OU,-0.448746,0.46776403061224486,-0.9593426827040278,
Q7_Turning_in_Bed,Age_Base,4. IRT + Latent OU,0.507187,0.23785326530612247,2.132352479362598,
Q6_Dressing_and_Hygiene,Sex_Female,1. Naive LMM,-0.0629077702672315,0.07417944161065836,-0.8480485819428533,0.3964109152956178
Q6_Dressing_and_Hygiene,Treatment_Active,1. Naive LMM,-0.07021606423674479,0.07843839327168889,-0.8951746881598629,0.37069371327861245
Q6_Dressing_and_Hygiene,Age_Base,1. Naive LMM,0.0901656340032217,0.03592901370868372,2.509549377956609,0.012088531347086207
Q6_Dressing_and_Hygiene,Sex_Female,4. IRT + Latent OU,0.361443,0.47392525510204087,0.7626582380003735,
Q6_Dressing_and_Hygiene,Treatment_Active,4. IRT + Latent OU,0.271758,0.46753239795918367,0.5812602531637282,
Q6_Dressing_and_Hygiene,Age_Base,4. IRT + Latent OU,0.86782,0.23612219387755104,3.6753004270747915,
Q5_Cutting,Sex_Female,1. Naive LMM,-0.05272329444500293,0.08652683105341984,-0.6093288498275486,0.5423064881323462
Q5_Cutting,Treatment_Active,1. Naive LMM,-0.0789760841083856,0.0915946410242707,-0.8622347685980728,0.38855834054339455
Q5_Cutting,Age_Base,1. Naive LMM,0.15360718857986136,0.04194007313566901,3.6625398358979537,0.00024972690279053355
Q5_Cutting,Sex_Female,4. IRT + Latent OU,0.467034,0.5848163265306122,0.7985994556113903,
Q5_Cutting,Treatment_Active,4. IRT + Latent OU,0.56989,0.5832,0.9771776406035665,
Q5_Cutting,Age_Base,4. IRT + Latent OU,1.4988,0.29167704081632656,5.138560086201014,
Q4_Handwriting,Sex_Female,1. Naive LMM,0.10368617869471332,0.07505350090269353,1.3814968981812308,0.1671262308878919
Q4_Handwriting,Treatment_Active,1. Naive LMM,-0.11544043676581162,0.07936139376638267,-1.4546170535466574,0.14577530717366527
Q4_Handwriting,Age_Base,1. Naive LMM,0.12332909593917599,0.03635206679506713,3.3926295479824375,0.0006922518923895813
Q4_Handwriting,Sex_Female,4. IRT + Latent OU,0.0650659,0.4725742346938776,0.1376839768722223,
Q4_Handwriting,Treatment_Active,4. IRT + Latent OU,1.36914,0.47191530612244903,2.9012409265758077,
Q4_Handwriting,Age_Base,4. IRT + Latent OU,1.10851,0.23410663265306125,4.73506447654893,
Q3_Swallowing,Sex_Female,1. Naive LMM,-0.16980033901295935,0.05915335090776043,-2.8705109077883693,0.004098090576021694
Q3_Swallowing,Treatment_Active,1. Naive LMM,0.04206667718961199,0.062486733847512174,0.6732097294806331,0.5008138722518054
Q3_Swallowing,Age_Base,1. Naive LMM,-0.08221500248081538,0.028631009999458105,-2.8715369273515483,0.004084810539550206
Q3_Swallowing,Sex_Female,4. IRT + Latent OU,1.16291,0.4505816326530612,2.5809085762166815,
Q3_Swallowing,Age_Base,4. IRT + Latent OU,-0.310394,0.21320408163265306,-1.4558539293577104,
Q3_Swallowing,Treatment_Active,4. IRT + Latent OU,-0.100426,0.4306382653061225,-0.2332026856197078,
Q2_Salivation,Sex_Female,1. Naive LMM,-0.08763183690658832,0.0624126251390774,-1.4040722804290573,0.16029732697175292
Q2_Salivation,Treatment_Active,1. Naive LMM,0.12896177631553715,0.06593423028417075,1.9559153987196514,0.05047512103565714
Q2_Salivation,Age_Base,1. Naive LMM,-0.09853973729026463,0.030209963275342196,-3.261829098967961,0.0011069585792384293
Q2_Salivation,Treatment_Active,4. IRT + Latent OU,0.482657,0.3582655612244898,1.3472045662171985,
Q2_Salivation,Sex_Female,4. IRT + Latent OU,1.38565,0.3756301020408163,3.688868364041373,
Q2_Salivation,Age_Base,4. IRT + Latent OU,-0.363502,0.18202920918367346,-1.996943246801751,
Q1_Speech,Sex_Female,1. Naive LMM,-0.21817791229396802,0.07826978508087401,-2.787511324689736,0.005311459779400596
Q1_Speech,Treatment_Active,1. Naive LMM,0.12981777230890024,0.08288672473063623,1.566207046192013,0.11730015367910009
Q1_Speech,Age_Base,1. Naive LMM,-0.06458491216552599,0.03794707134801754,-1.7019735613641787,0.0887603245477978
Q1_Speech,Age_Base,4. IRT + Latent OU,-0.0443191,0.3367757653061224,-0.1315982459715141,
Q1_Speech,Sex_Female,4. IRT + Latent OU,2.43691,0.7060994897959183,3.4512275326871182,
Q1_Speech,Treatment_Active,4. IRT + Latent OU,-0.266329,0.6684285714285714,-0.3984404787347724,
