Item,Covariate,Model,Estimate,SE,Z_Score
R_3_Respiratory_Insufficiency,Sex_Female,1. Naive LMM,0.0680943684178116,0.028718648996104695,2.3710853678056965
R_3_Respiratory_Insufficiency,Treatment_Active,1. Naive LMM,0.03408269257822904,0.030885115738859548,1.1035313212489053
R_3_Respiratory_Insufficiency,Age_Base,1. Naive LMM,-0.023837313323947666,0.01386866756886429,-1.7187890044652439
R_3_Respiratory_Insufficiency,Bulbar_Onset,1. Naive LMM,-0.04139531889551395,0.037052861075612765,-1.1171962891351264
R_3_Respiratory_Insufficiency,FVC_Base,1. Naive LMM,0.07527394945881552,0.013754456660177675,5.472695237518976
R_3_Respiratory_Insufficiency,BMI_Base,1. Naive LMM,0.004978652408100738,0.014303511912337388,0.3480720286467856
R_3_Respiratory_Insufficiency,Sex_Female,2. Ordinal (IRT),0.44156560237333475,0.11970143255204074,3.688891544229114
R_3_Respiratory_Insufficiency,Treatment_Active,2. Ordinal (IRT),0.15619728178823544,0.11808473171431719,1.3227559526164998
R_3_Respiratory_Insufficiency,Age_Base,2. Ordinal (IRT),-0.21389209135494208,0.05569620627573972,-3.840335018439302
R_3_Respiratory_Insufficiency,Bulbar_Onset,2. Ordinal (IRT),-0.20704255298399185,0.13251721163206284,-1.56238235346251
R_3_Respiratory_Insufficiency,FVC_Base,2. Ordinal (IRT),0.5245981809180119,0.05360427020755309,9.78649982336843
R_3_Respiratory_Insufficiency,BMI_Base,2. Ordinal (IRT),0.03740991844463027,0.06148707236292284,0.6084192498842851
R_3_Respiratory_Insufficiency,Sex_Female,3. Discrete AR(1),0.017142266992982186,0.012284441842585625,1.3954453293560538
R_3_Respiratory_Insufficiency,Treatment_Active,3. Discrete AR(1),-0.0017836094318662047,0.01306571416007728,-0.13651067289655563
R_3_Respiratory_Insufficiency,Age_Base,3. Discrete AR(1),-0.013279687170744209,0.0058368592461955655,-2.27514260848415
R_3_Respiratory_Insufficiency,Bulbar_Onset,3. Discrete AR(1),0.011379347517465806,0.01568553254286377,0.7254677191462594
R_3_Respiratory_Insufficiency,FVC_Base,3. Discrete AR(1),0.029993068509661908,0.00604288930645915,4.96336553403399
R_3_Respiratory_Insufficiency,BMI_Base,3. Discrete AR(1),-0.012952413833483388,0.006139666032252237,-2.1096284008679222
R_3_Respiratory_Insufficiency,Treatment_Active,4. CLOUD,1.62806,0.7828686224489796,2.07960819135538
R_3_Respiratory_Insufficiency,Sex_Female,4. CLOUD,2.28152,0.8405918367346938,2.714182912913642
R_3_Respiratory_Insufficiency,Age_Base,4. CLOUD,-0.83153,0.38728711734693877,-2.147063413046865
R_3_Respiratory_Insufficiency,BMI_Base,4. CLOUD,0.197134,0.2607566326530612,0.7560076152014449
R_3_Respiratory_Insufficiency,FVC_Base,4. CLOUD,0.913687,0.22669642857142855,4.030442851516345
R_3_Respiratory_Insufficiency,Bulbar_Onset,4. CLOUD,-3.47547,0.5358061224489796,-6.486432040221676
R_2_Orthopnea,Sex_Female,1. Naive LMM,0.1067681984064147,0.04203476440572378,2.539997545266991
R_2_Orthopnea,Treatment_Active,1. Naive LMM,0.05003417322432806,0.04525461493071369,1.1056148262653882
R_2_Orthopnea,Age_Base,1. Naive LMM,-0.04231654439628003,0.020317612843391314,-2.082751784004206
R_2_Orthopnea,Bulbar_Onset,1. Naive LMM,-0.08398174382072034,0.05424696385564368,-1.5481372200701171
R_2_Orthopnea,FVC_Base,1. Naive LMM,0.10985302068354263,0.020121869633175818,5.459384375616026
R_2_Orthopnea,BMI_Base,1. Naive LMM,-0.008147514213655727,0.020905073288915162,-0.38973861038678664
R_2_Orthopnea,Sex_Female,2. Ordinal (IRT),0.2815820158798007,0.08377783346083316,3.3610563110520477
R_2_Orthopnea,Treatment_Active,2. Ordinal (IRT),0.10683288093459795,0.08625367732623997,1.238589289712491
R_2_Orthopnea,Age_Base,2. Ordinal (IRT),-0.1444708694992683,0.03936373432064205,-3.6701515237975997
R_2_Orthopnea,Bulbar_Onset,2. Ordinal (IRT),-0.17693218504219288,0.09861227578493892,-1.7942206853440836
R_2_Orthopnea,FVC_Base,2. Ordinal (IRT),0.4569083752678641,0.040572321424520365,11.261578318063064
R_2_Orthopnea,BMI_Base,2. Ordinal (IRT),-0.012984639234188858,0.041347645475548304,-0.31403575910670817
R_2_Orthopnea,Sex_Female,3. Discrete AR(1),0.051269135694347795,0.021936557346642623,2.33715504598968
R_2_Orthopnea,Treatment_Active,3. Discrete AR(1),0.01659794747610911,0.02293294406018427,0.7237599949029719
R_2_Orthopnea,Age_Base,3. Discrete AR(1),-0.029245616308228212,0.010467458744845481,-2.7939557270889375
R_2_Orthopnea,Bulbar_Onset,3. Discrete AR(1),-0.0035185043919229754,0.027883514814608306,-0.12618582755139657
R_2_Orthopnea,FVC_Base,3. Discrete AR(1),0.05244903054874071,0.01162436341141319,4.51199164138696
R_2_Orthopnea,BMI_Base,3. Discrete AR(1),-0.02324366352129214,0.011066554128077256,-2.1003523998784774
R_2_Orthopnea,Sex_Female,4. CLOUD,1.39079,0.4561512755102041,3.0489665921560882
R_2_Orthopnea,Age_Base,4. CLOUD,-0.384661,0.22243543367346938,-1.7293153057829553
R_2_Orthopnea,Treatment_Active,4. CLOUD,1.06718,0.4254076530612245,2.5086055512179795
R_2_Orthopnea,BMI_Base,4. CLOUD,0.197134,0.2607566326530612,0.7560076152014449
R_2_Orthopnea,FVC_Base,4. CLOUD,0.913687,0.22669642857142855,4.030442851516345
R_2_Orthopnea,Bulbar_Onset,4. CLOUD,-3.47547,0.5358061224489796,-6.486432040221676
R_1_Dyspnea,Sex_Female,1. Naive LMM,0.05317877697811883,0.05610004909178956,0.9479274588710072
R_1_Dyspnea,Treatment_Active,1. Naive LMM,0.011052224096503074,0.060439217086929876,0.18286511025790808
R_1_Dyspnea,Age_Base,1. Naive LMM,-0.037592542091813695,0.02712905049313396,-1.3856932479567585
R_1_Dyspnea,Bulbar_Onset,1. Naive LMM,0.01843426665557648,0.07240088036049357,0.25461384673487153
R_1_Dyspnea,FVC_Base,1. Naive LMM,0.19111025392814676,0.026845378871270333,7.118925564230763
R_1_Dyspnea,BMI_Base,1. Naive LMM,-0.007869520539129307,0.02787394561375917,-0.28232531727566923
R_1_Dyspnea,Sex_Female,2. Ordinal (IRT),0.07233153370409345,0.06660896300325965,1.0859129228682596
R_1_Dyspnea,Treatment_Active,2. Ordinal (IRT),-0.032404820684249915,0.07115745513105501,-0.45539600347662784
R_1_Dyspnea,Age_Base,2. Ordinal (IRT),-0.0672511383647166,0.03164116032700452,-2.125432116575078
R_1_Dyspnea,Bulbar_Onset,2. Ordinal (IRT),-0.026600449987996787,0.08167370227000492,-0.32569173734843576
R_1_Dyspnea,FVC_Base,2. Ordinal (IRT),0.440020360904274,0.0337590042542156,13.034162903348287
R_1_Dyspnea,BMI_Base,2. Ordinal (IRT),-0.07841976410936259,0.03138112611724856,-2.4989467814623567
R_1_Dyspnea,Sex_Female,3. Discrete AR(1),0.054065335957362334,0.027499747702125273,1.9660302539133472
R_1_Dyspnea,Treatment_Active,3. Discrete AR(1),-0.0002723873774343203,0.0292106148403027,-0.009324945021646715
R_1_Dyspnea,Age_Base,3. Discrete AR(1),-0.03355236604650486,0.01312857158329701,-2.555675294423674
R_1_Dyspnea,Bulbar_Onset,3. Discrete AR(1),0.026119917225118118,0.03519682969801349,0.7421099414130564
R_1_Dyspnea,FVC_Base,3. Discrete AR(1),0.07339644073895002,0.015349295936224371,4.781746409992283
R_1_Dyspnea,BMI_Base,3. Discrete AR(1),-0.007312893201315671,0.014104154808687066,-0.5184921252290492
R_1_Dyspnea,Age_Base,4. CLOUD,-0.239563,0.15889114795918366,-1.507717724221739
R_1_Dyspnea,Sex_Female,4. CLOUD,0.657162,0.33077875,1.9867116614957883
R_1_Dyspnea,Treatment_Active,4. CLOUD,0.468746,0.30918112244897955,1.5160886805996752
R_1_Dyspnea,BMI_Base,4. CLOUD,0.197134,0.2607566326530612,0.7560076152014449
R_1_Dyspnea,FVC_Base,4. CLOUD,0.913687,0.22669642857142855,4.030442851516345
R_1_Dyspnea,Bulbar_Onset,4. CLOUD,-3.47547,0.5358061224489796,-6.486432040221676
Q9_Climbing_Stairs,Sex_Female,1. Naive LMM,-0.5320910376003383,0.09247375831673645,-5.75396790706664
Q9_Climbing_Stairs,Treatment_Active,1. Naive LMM,0.04540324495561944,0.10024354242394058,0.45292937437909264
Q9_Climbing_Stairs,Age_Base,1. Naive LMM,-0.00893117816852457,0.04491320789324259,-0.19885415866427814
Q9_Climbing_Stairs,Bulbar_Onset,1. Naive LMM,1.016915655117475,0.11940163832640975,8.51676467233657
Q9_Climbing_Stairs,FVC_Base,1. Naive LMM,0.2023745565015789,0.04414053737002531,4.58477781557336
Q9_Climbing_Stairs,BMI_Base,1. Naive LMM,-0.016639452692072444,0.04542811439646253,-0.3662809454703705
Q9_Climbing_Stairs,Sex_Female,2. Ordinal (IRT),-0.7889555161403627,0.059628299502885077,-13.231226158012264
Q9_Climbing_Stairs,Treatment_Active,2. Ordinal (IRT),0.003179666375858264,0.06300694550112954,0.05046533125147706
Q9_Climbing_Stairs,Age_Base,2. Ordinal (IRT),-0.01751237551269421,0.027874632470531357,-0.6282549386510488
Q9_Climbing_Stairs,Bulbar_Onset,2. Ordinal (IRT),1.3756038135030884,0.07758243160671313,17.73086747881796
Q9_Climbing_Stairs,FVC_Base,2. Ordinal (IRT),0.25295721625473677,0.028228981281780266,8.96090488458406
Q9_Climbing_Stairs,BMI_Base,2. Ordinal (IRT),-0.06734409122045976,0.027275446916222443,-2.4690371317217883
Q9_Climbing_Stairs,Sex_Female,3. Discrete AR(1),-0.07225979284601823,0.01382453775839253,-5.226922889494162
Q9_Climbing_Stairs,Treatment_Active,3. Discrete AR(1),-0.015790573049045718,0.025279267598386494,-0.6246451954190946
Q9_Climbing_Stairs,Age_Base,3. Discrete AR(1),-0.004910502129241844,0.011403313626827706,-0.4306206327333908
Q9_Climbing_Stairs,Bulbar_Onset,3. Discrete AR(1),0.11069870904568596,,
Q9_Climbing_Stairs,FVC_Base,3. Discrete AR(1),0.0401869527089737,0.008944033834281554,4.493157500695187
Q9_Climbing_Stairs,BMI_Base,3. Discrete AR(1),-0.01883063617715843,0.01188628841812631,-1.5842318068306467
Q9_Climbing_Stairs,Age_Base,4. CLOUD,0.277566,0.29405229591836735,0.9439341363859163
Q9_Climbing_Stairs,Treatment_Active,4. CLOUD,-2.26855,0.5828367346938775,-3.8922563815259634
Q9_Climbing_Stairs,Sex_Female,4. CLOUD,0.933486,0.5907331632653061,1.5802160062254014
Q9_Climbing_Stairs,BMI_Base,4. CLOUD,0.40499,0.25241533163265306,1.6044587996318427
Q9_Climbing_Stairs,FVC_Base,4. CLOUD,0.675293,0.2171443877551021,3.109880052537223
Q9_Climbing_Stairs,Bulbar_Onset,4. CLOUD,-5.6042,0.5685178571428571,-9.857561956214468
Q8_Walking,Sex_Female,1. Naive LMM,-0.31903282820983897,0.0667981580838983,-4.776072235541804
Q8_Walking,Treatment_Active,1. Naive LMM,0.05844767739454389,0.07245435171303098,0.8066827735349403
Q8_Walking,Age_Base,1. Naive LMM,0.021936094806673256,0.03245546716806357,0.6758828857117343
Q8_Walking,Bulbar_Onset,1. Naive LMM,0.7867825407588244,0.08625089245355969,9.12202202640922
Q8_Walking,FVC_Base,1. Naive LMM,0.12856994700242275,0.031877626344901086,4.033234645872178
Q8_Walking,BMI_Base,1. Naive LMM,0.012783859903648262,0.032773527812427684,0.3900666408820547
Q8_Walking,Sex_Female,2. Ordinal (IRT),-0.6818450923774021,0.061410536489777186,-11.103063600346605
Q8_Walking,Treatment_Active,2. Ordinal (IRT),0.08014075235896798,0.0649622632217444,1.233650867202899
Q8_Walking,Age_Base,2. Ordinal (IRT),0.0382341625321677,0.02859959667166818,1.336877682965504
Q8_Walking,Bulbar_Onset,2. Ordinal (IRT),1.5473302343401159,0.07994978568212482,19.353775887432654
Q8_Walking,FVC_Base,2. Ordinal (IRT),0.23005018140790165,0.029445980648667054,7.812617421465141
Q8_Walking,BMI_Base,2. Ordinal (IRT),-0.047003886501682336,0.02869386496106117,-1.6381162511731573
Q8_Walking,Sex_Female,3. Discrete AR(1),-0.033417011002796426,0.01684771001170866,-1.9834749636343807
Q8_Walking,Treatment_Active,3. Discrete AR(1),-0.012249661357532011,0.01889067964756724,-0.6484500074146107
Q8_Walking,Age_Base,3. Discrete AR(1),-0.003485795085025279,0.00845464933191266,-0.4122932777197398
Q8_Walking,Bulbar_Onset,3. Discrete AR(1),0.07352140515063287,0.019560433928628624,3.7586796601187378
Q8_Walking,FVC_Base,3. Discrete AR(1),0.02215109309930206,0.008311129077688884,2.6652327129374487
Q8_Walking,BMI_Base,3. Discrete AR(1),-0.0011014969328801492,0.009029716990999364,-0.12198576477846411
Q8_Walking,Age_Base,4. CLOUD,0.679061,0.3530723979591837,1.9232910981574425
Q8_Walking,Treatment_Active,4. CLOUD,-2.13363,0.6863647959183674,-3.1085947482856664
Q8_Walking,Sex_Female,4. CLOUD,1.2043,0.699866581632653,1.7207565436123575
Q8_Walking,BMI_Base,4. CLOUD,0.40499,0.25241533163265306,1.6044587996318427
Q8_Walking,FVC_Base,4. CLOUD,0.675293,0.2171443877551021,3.109880052537223
Q8_Walking,Bulbar_Onset,4. CLOUD,-5.6042,0.5685178571428571,-9.857561956214468
Q7_Turning_in_Bed,Sex_Female,1. Naive LMM,-0.21217065666621024,0.07084515028944821,-2.994850823230045
Q7_Turning_in_Bed,Treatment_Active,1. Naive LMM,0.016243743271039727,0.07667791348289088,0.21184383524812772
Q7_Turning_in_Bed,Age_Base,1. Naive LMM,0.05116909881965911,0.03437277037916414,1.488652158531756
Q7_Turning_in_Bed,Bulbar_Onset,1. Naive LMM,0.6486666156379204,0.091465720237813,7.091909558590607
Q7_Turning_in_Bed,FVC_Base,1. Naive LMM,0.16959192508538742,0.03383499347506108,5.01232326852344
Q7_Turning_in_Bed,BMI_Base,1. Naive LMM,0.022781313049529815,0.03490193236384204,0.6527235458495979
Q7_Turning_in_Bed,Sex_Female,2. Ordinal (IRT),-0.41412693247159155,0.05963278163577967,-6.944618733383307
Q7_Turning_in_Bed,Treatment_Active,2. Ordinal (IRT),0.016163085271618534,0.06354183730856909,0.25436918345826337
Q7_Turning_in_Bed,Age_Base,2. Ordinal (IRT),0.11321642561618797,0.027992094107374067,4.044585774179822
Q7_Turning_in_Bed,Bulbar_Onset,2. Ordinal (IRT),1.262449604528115,0.08185235794014187,15.423497090350613
Q7_Turning_in_Bed,FVC_Base,2. Ordinal (IRT),0.2926615984154216,0.029451272971917613,9.937145966304424
Q7_Turning_in_Bed,BMI_Base,2. Ordinal (IRT),-0.007647043330225844,0.028521752291893816,-0.2681126759662384
Q7_Turning_in_Bed,Sex_Female,3. Discrete AR(1),-0.034441470313542444,0.023300506299590715,-1.4781425721271741
Q7_Turning_in_Bed,Treatment_Active,3. Discrete AR(1),0.010292398946177598,0.02499825897430513,0.4117246307735594
Q7_Turning_in_Bed,Age_Base,3. Discrete AR(1),0.006773887995825133,0.011152228804342306,0.6074021717692527
Q7_Turning_in_Bed,Bulbar_Onset,3. Discrete AR(1),0.10211082017755356,0.02896384304628682,3.5254582761814897
Q7_Turning_in_Bed,FVC_Base,3. Discrete AR(1),0.041346860657398225,0.01106605932587674,3.7363671601428363
Q7_Turning_in_Bed,BMI_Base,3. Discrete AR(1),-0.004126550262074683,0.012016485247010282,-0.34340742548669745
Q7_Turning_in_Bed,Sex_Female,4. CLOUD,0.74995,0.4837969387755102,1.550133826597008
Q7_Turning_in_Bed,Treatment_Active,4. CLOUD,-0.448746,0.46776403061224486,-0.9593426827040278
Q7_Turning_in_Bed,Age_Base,4. CLOUD,0.507187,0.23785326530612247,2.132352479362598
Q7_Turning_in_Bed,BMI_Base,4. CLOUD,0.40499,0.25241533163265306,1.6044587996318427
Q7_Turning_in_Bed,FVC_Base,4. CLOUD,0.675293,0.2171443877551021,3.109880052537223
Q7_Turning_in_Bed,Bulbar_Onset,4. CLOUD,-5.6042,0.5685178571428571,-9.857561956214468
Q6_Dressing_and_Hygiene,Sex_Female,1. Naive LMM,-0.06985007224143566,0.06837174881806554,-1.02162184599525
Q6_Dressing_and_Hygiene,Treatment_Active,1. Naive LMM,-0.013033980236178586,0.07398742914429234,-0.17616479430254775
Q6_Dressing_and_Hygiene,Age_Base,1. Naive LMM,0.09394744578512616,0.0331696653492286,2.8323302269105053
Q6_Dressing_and_Hygiene,Bulbar_Onset,1. Naive LMM,0.788098922326508,0.0882730970527975,8.92796275013591
Q6_Dressing_and_Hygiene,FVC_Base,1. Naive LMM,0.2124970272773567,0.03265671119446623,6.506994106417087
Q6_Dressing_and_Hygiene,BMI_Base,1. Naive LMM,-0.00438626346634623,0.033698538447755035,-0.13016183099888828
Q6_Dressing_and_Hygiene,Sex_Female,2. Ordinal (IRT),-0.17120707658542528,0.059241903964012424,-2.889965803418947
Q6_Dressing_and_Hygiene,Treatment_Active,2. Ordinal (IRT),-0.03162429583555168,0.06350204562948165,-0.49800436382902424
Q6_Dressing_and_Hygiene,Age_Base,2. Ordinal (IRT),0.18687929335858053,0.027985177459121366,6.677795544857976
Q6_Dressing_and_Hygiene,Bulbar_Onset,2. Ordinal (IRT),1.4829091850529328,0.08098060412655596,18.311905684668048
Q6_Dressing_and_Hygiene,FVC_Base,2. Ordinal (IRT),0.35954140183848443,0.028801802632565675,12.483295105701387
Q6_Dressing_and_Hygiene,BMI_Base,2. Ordinal (IRT),-0.07352173112941456,0.027881436878438078,-2.6369419714617397
Q6_Dressing_and_Hygiene,Sex_Female,3. Discrete AR(1),-0.03284881965074715,0.020628388951010674,-1.5924083906289612
Q6_Dressing_and_Hygiene,Treatment_Active,3. Discrete AR(1),0.0039559932468440535,0.022213707045232334,0.1780879363713909
Q6_Dressing_and_Hygiene,Age_Base,3. Discrete AR(1),0.014999241199179444,0.009702748829414338,1.5458754485851
Q6_Dressing_and_Hygiene,Bulbar_Onset,3. Discrete AR(1),0.08060958374271651,0.021001010366948913,3.8383669325538126
Q6_Dressing_and_Hygiene,FVC_Base,3. Discrete AR(1),0.034883998753813816,0.008789177956457858,3.968971720294133
Q6_Dressing_and_Hygiene,BMI_Base,3. Discrete AR(1),-0.002275786343969047,0.010511392853943119,-0.21650663956635732
Q6_Dressing_and_Hygiene,Sex_Female,4. CLOUD,0.361443,0.47392525510204087,0.7626582380003735
Q6_Dressing_and_Hygiene,Treatment_Active,4. CLOUD,0.271758,0.46753239795918367,0.5812602531637282
Q6_Dressing_and_Hygiene,Age_Base,4. CLOUD,0.86782,0.23612219387755104,3.6753004270747915
Q6_Dressing_and_Hygiene,Bulbar_Onset,4. CLOUD,-6.44929,0.6323469387755104,-10.198974019686943
Q6_Dressing_and_Hygiene,FVC_Base,4. CLOUD,0.558092,0.24483869897959185,2.279427240570817
Q6_Dressing_and_Hygiene,BMI_Base,4. CLOUD,0.95124,0.281397193877551,3.3804175048523355
Q5_Cutting,Sex_Female,1. Naive LMM,-0.04877394742674585,0.08302911401235065,-0.5874318666039323
Q5_Cutting,Treatment_Active,1. Naive LMM,-0.050258058657261205,0.09004212690820573,-0.5581616114921102
Q5_Cutting,Age_Base,1. Naive LMM,0.16476308671779752,0.040337496928544825,4.0846135547196765
Q5_Cutting,Bulbar_Onset,1. Naive LMM,0.6255751056824329,0.10720749406712422,5.835180750431038
Q5_Cutting,FVC_Base,1. Naive LMM,0.19319629641250435,0.039625793958437634,4.875518623428529
Q5_Cutting,BMI_Base,1. Naive LMM,0.051617974594861164,0.04075111959899943,1.2666639616971052
Q5_Cutting,Sex_Female,2. Ordinal (IRT),-0.14238491501945297,0.05812737315708018,-2.4495329357939486
Q5_Cutting,Treatment_Active,2. Ordinal (IRT),-0.06244007215920672,0.06192508962545704,-1.008316217818407
Q5_Cutting,Age_Base,2. Ordinal (IRT),0.2935903443147553,0.02780097467010148,10.560433502732428
Q5_Cutting,Bulbar_Onset,2. Ordinal (IRT),1.0079627289272242,0.07766650358436347,12.978088138502947
Q5_Cutting,FVC_Base,2. Ordinal (IRT),0.27393040598358487,0.028339079428897917,9.666171643679174
Q5_Cutting,BMI_Base,2. Ordinal (IRT),0.03262919433287592,0.02879129145840482,1.1333008239667113
Q5_Cutting,Sex_Female,3. Discrete AR(1),-0.008908729799824983,0.020115355251968902,-0.44288205145931947
Q5_Cutting,Treatment_Active,3. Discrete AR(1),0.009261517180141949,0.021526984905104272,0.4302282563474993
Q5_Cutting,Age_Base,3. Discrete AR(1),0.017273700706287393,0.0091867735073174,1.880279370393603
Q5_Cutting,Bulbar_Onset,3. Discrete AR(1),0.04618670952957534,0.022861850318361448,2.020252468037575
Q5_Cutting,FVC_Base,3. Discrete AR(1),0.028699707569560688,0.008861897815857887,3.238550947654137
Q5_Cutting,BMI_Base,3. Discrete AR(1),0.00944339821972661,0.010162695706248443,0.929221782555235
Q5_Cutting,Sex_Female,4. CLOUD,0.467034,0.5848163265306122,0.7985994556113903
Q5_Cutting,Treatment_Active,4. CLOUD,0.56989,0.5832,0.9771776406035665
Q5_Cutting,Age_Base,4. CLOUD,1.4988,0.29167704081632656,5.138560086201014
Q5_Cutting,Bulbar_Onset,4. CLOUD,-6.44929,0.6323469387755104,-10.198974019686943
Q5_Cutting,FVC_Base,4. CLOUD,0.558092,0.24483869897959185,2.279427240570817
Q5_Cutting,BMI_Base,4. CLOUD,0.95124,0.281397193877551,3.3804175048523355
Q4_Handwriting,Sex_Female,1. Naive LMM,0.11168654678612429,0.072684486643284,1.536594009864195
Q4_Handwriting,Treatment_Active,1. Naive LMM,-0.10788167207758069,0.07874198602647263,-1.3700654189914825
Q4_Handwriting,Age_Base,1. Naive LMM,0.13374111644503675,0.03528831041106475,3.789955225600766
Q4_Handwriting,Bulbar_Onset,1. Naive LMM,0.48571077923535383,0.0938484734408381,5.175478741713843
Q4_Handwriting,FVC_Base,1. Naive LMM,0.15466278414656198,0.03470285842245139,4.456773625497697
Q4_Handwriting,BMI_Base,1. Naive LMM,0.07438693531671466,0.03574918308061201,2.0808009835910686
Q4_Handwriting,Sex_Female,2. Ordinal (IRT),0.22041573388129623,0.06064558754522387,3.6344892151787724
Q4_Handwriting,Treatment_Active,2. Ordinal (IRT),-0.10013568821642266,0.06428208854067306,-1.5577541192219357
Q4_Handwriting,Age_Base,2. Ordinal (IRT),0.2741310331661942,0.028694621741041846,9.553394208856403
Q4_Handwriting,Bulbar_Onset,2. Ordinal (IRT),0.8681930592520398,0.07885806728303764,11.00956552911598
Q4_Handwriting,FVC_Base,2. Ordinal (IRT),0.25303206727128646,0.029445407017923662,8.593260983530088
Q4_Handwriting,BMI_Base,2. Ordinal (IRT),0.08154436558690271,0.03037398955148925,2.684677475399492
Q4_Handwriting,Sex_Female,3. Discrete AR(1),0.01742667285743442,0.021091229755479814,0.8262520990700749
Q4_Handwriting,Treatment_Active,3. Discrete AR(1),-0.016296311020045567,0.02239259883814383,-0.7277543414159785
Q4_Handwriting,Age_Base,3. Discrete AR(1),0.02120143748740887,0.009810789764099381,2.161032699425614
Q4_Handwriting,Bulbar_Onset,3. Discrete AR(1),0.06822302567366346,0.02575230028855338,2.649201232869588
Q4_Handwriting,FVC_Base,3. Discrete AR(1),0.02944957697173742,0.009865029721516014,2.985249695447622
Q4_Handwriting,BMI_Base,3. Discrete AR(1),0.004057545729950124,0.01065925129046198,0.3806595434691423
Q4_Handwriting,Sex_Female,4. CLOUD,0.0650659,0.4725742346938776,0.1376839768722223
Q4_Handwriting,Treatment_Active,4. CLOUD,1.36914,0.47191530612244903,2.9012409265758077
Q4_Handwriting,Age_Base,4. CLOUD,1.10851,0.23410663265306125,4.73506447654893
Q4_Handwriting,Bulbar_Onset,4. CLOUD,-6.44929,0.6323469387755104,-10.198974019686943
Q4_Handwriting,FVC_Base,4. CLOUD,0.558092,0.24483869897959185,2.279427240570817
Q4_Handwriting,BMI_Base,4. CLOUD,0.95124,0.281397193877551,3.3804175048523355
Q3_Swallowing,Sex_Female,1. Naive LMM,-0.08332578459818558,0.04910452218067314,-1.6969065352392627
Q3_Swallowing,Treatment_Active,1. Naive LMM,-0.006999025076921854,0.05304164325818809,-0.13195339825451974
Q3_Swallowing,Age_Base,1. Naive LMM,-0.021099989825062553,0.023793165395369954,-0.886808857688541
Q3_Swallowing,Bulbar_Onset,1. Naive LMM,-1.0742680839685865,0.06339103555988491,-16.94668772138508
Q3_Swallowing,FVC_Base,1. Naive LMM,0.13366567578515162,0.02347124987635558,5.6948682532583605
Q3_Swallowing,BMI_Base,1. Naive LMM,0.00042584074417896875,0.02428178982373013,0.017537452851305167
Q3_Swallowing,Sex_Female,2. Ordinal (IRT),-0.21885336100499328,0.06799748822767039,-3.2185506657573084
Q3_Swallowing,Treatment_Active,2. Ordinal (IRT),0.019429228755330503,0.07270081166460646,0.26724913120590915
Q3_Swallowing,Age_Base,2. Ordinal (IRT),-0.022085927585657028,0.03255883510760362,-0.6783389980834785
Q3_Swallowing,Bulbar_Onset,2. Ordinal (IRT),-2.206879050862927,0.084593064310425,-26.088179555294317
Q3_Swallowing,FVC_Base,2. Ordinal (IRT),0.36251570311992776,0.03351586457988222,10.816242029379918
Q3_Swallowing,BMI_Base,2. Ordinal (IRT),-0.04405164136396281,0.033123506176065326,-1.3299208462355965
Q3_Swallowing,Sex_Female,3. Discrete AR(1),-0.012500874415969497,0.014437943634153348,-0.8658348261173662
Q3_Swallowing,Treatment_Active,3. Discrete AR(1),-0.009810744801195526,0.018605008659128588,-0.5273174004346332
Q3_Swallowing,Age_Base,3. Discrete AR(1),-0.0219685466920879,0.007636323738869092,-2.8768485259821306
Q3_Swallowing,Bulbar_Onset,3. Discrete AR(1),-0.2244019045125082,,
Q3_Swallowing,FVC_Base,3. Discrete AR(1),0.03701610852950393,,
Q3_Swallowing,BMI_Base,3. Discrete AR(1),-0.007537741412362473,0.008791472614943152,-0.8573923553547024
Q3_Swallowing,Sex_Female,4. CLOUD,1.16291,0.4505816326530612,2.5809085762166815
Q3_Swallowing,Age_Base,4. CLOUD,-0.310394,0.21320408163265306,-1.4558539293577104
Q3_Swallowing,Treatment_Active,4. CLOUD,-0.100426,0.4306382653061225,-0.2332026856197078
Q3_Swallowing,BMI_Base,4. CLOUD,0.608869,0.42020663265306124,1.4489752247740117
Q3_Swallowing,Bulbar_Onset,4. CLOUD,-12.5325,0.9504336734693877,-13.186085836218698
Q3_Swallowing,FVC_Base,4. CLOUD,0.45473,0.34762066326530616,1.3081213174400608
Q2_Salivation,Sex_Female,1. Naive LMM,0.002863844290655827,0.05073481007397726,0.056447324558424654
Q2_Salivation,Treatment_Active,1. Naive LMM,0.07500277229123518,0.05481563320893563,1.368273390281822
Q2_Salivation,Age_Base,1. Naive LMM,-0.03452187782715233,0.024586613676277642,-1.404092417186378
Q2_Salivation,Bulbar_Onset,1. Naive LMM,-1.2342779438252196,0.06549730427453175,-18.844713648851062
Q2_Salivation,FVC_Base,1. Naive LMM,0.10734517301128979,0.02424848430840996,4.426881764896946
Q2_Salivation,BMI_Base,1. Naive LMM,-0.014603025934643054,0.025077721482615212,-0.5823107153002877
Q2_Salivation,Sex_Female,2. Ordinal (IRT),0.07209650622506393,0.06802338983022788,1.0598781743309427
Q2_Salivation,Treatment_Active,2. Ordinal (IRT),0.13525435523216464,0.07150163841737846,1.8916259574730403
Q2_Salivation,Age_Base,2. Ordinal (IRT),-0.03690499170095306,0.03215855316786633,-1.1475949029270849
Q2_Salivation,Bulbar_Onset,2. Ordinal (IRT),-2.414869810750142,0.08618885640888146,-28.01835308376708
Q2_Salivation,FVC_Base,2. Ordinal (IRT),0.28647803342575695,0.03267660660349936,8.767068040506931
Q2_Salivation,BMI_Base,2. Ordinal (IRT),-0.03500245208980068,0.03307229898640903,-1.0583616247598886
Q2_Salivation,Sex_Female,3. Discrete AR(1),-0.01862216908535021,0.020444390991312157,-0.9108693476496169
Q2_Salivation,Treatment_Active,3. Discrete AR(1),0.02355136307788337,0.021618991767852622,1.0893830448145216
Q2_Salivation,Age_Base,3. Discrete AR(1),-0.010503324526861785,0.00969353845605304,-1.0835387484642496
Q2_Salivation,Bulbar_Onset,3. Discrete AR(1),-0.36205875595234105,,
Q2_Salivation,FVC_Base,3. Discrete AR(1),0.03098410971533696,0.008995492558661859,3.4444039070992303
Q2_Salivation,BMI_Base,3. Discrete AR(1),-0.006513559425530957,0.010342899684997615,-0.6297614425264978
Q2_Salivation,Treatment_Active,4. CLOUD,0.482657,0.3582655612244898,1.3472045662171985
Q2_Salivation,Sex_Female,4. CLOUD,1.38565,0.3756301020408163,3.688868364041373
Q2_Salivation,Age_Base,4. CLOUD,-0.363502,0.18202920918367346,-1.996943246801751
Q2_Salivation,BMI_Base,4. CLOUD,0.608869,0.42020663265306124,1.4489752247740117
Q2_Salivation,Bulbar_Onset,4. CLOUD,-12.5325,0.9504336734693877,-13.186085836218698
Q2_Salivation,FVC_Base,4. CLOUD,0.45473,0.34762066326530616,1.3081213174400608
Q1_Speech,Sex_Female,1. Naive LMM,-0.09275656403617843,0.05837330544998788,-1.5890236696575093
Q1_Speech,Treatment_Active,1. Naive LMM,0.06272897577951615,0.06320405706115186,0.9924833736357138
Q1_Speech,Age_Base,1. Naive LMM,0.027657259979741517,0.028329368300964875,0.9762752097370111
Q1_Speech,Bulbar_Onset,1. Naive LMM,-1.736207046709452,0.07536571415916249,-23.037094069629735
Q1_Speech,FVC_Base,1. Naive LMM,0.1658562707098596,0.027874536403891436,5.950099700553411
Q1_Speech,BMI_Base,1. Naive LMM,-0.02827255136200037,0.028734692078470604,-0.983916976899972
Q1_Speech,Sex_Female,2. Ordinal (IRT),-0.24429845309845696,0.06351913971896705,-3.8460604816017137
Q1_Speech,Treatment_Active,2. Ordinal (IRT),0.12692615285897746,0.06785044040298105,1.8706754459533455
Q1_Speech,Age_Base,2. Ordinal (IRT),0.10805499501786649,0.030216069217776215,3.576077160767734
Q1_Speech,Bulbar_Onset,2. Ordinal (IRT),-3.0949745873655505,0.09086676046179197,-34.06058025659381
Q1_Speech,FVC_Base,2. Ordinal (IRT),0.39206331288988067,0.03162949584145282,12.395496749462962
Q1_Speech,BMI_Base,2. Ordinal (IRT),-0.07574072400992371,0.030381512419678843,-2.4929872800165342
Q1_Speech,Sex_Female,3. Discrete AR(1),-0.02572749943291205,0.016250848765998714,-1.5831480437342522
Q1_Speech,Treatment_Active,3. Discrete AR(1),0.002354880768999912,0.018052878928666766,0.1304435031279426
Q1_Speech,Age_Base,3. Discrete AR(1),-0.009512861163894947,0.007976333167973622,-1.1926358846306415
Q1_Speech,Bulbar_Onset,3. Discrete AR(1),-0.22804583047180702,,
Q1_Speech,FVC_Base,3. Discrete AR(1),0.01762352912350805,0.0061474532553230914,2.866801648023562
Q1_Speech,BMI_Base,3. Discrete AR(1),-0.002832030397492382,0.008611224183936108,-0.3288766308947595
Q1_Speech,Age_Base,4. CLOUD,-0.0443191,0.3367757653061224,-0.1315982459715141
Q1_Speech,Sex_Female,4. CLOUD,2.43691,0.7060994897959183,3.4512275326871182
Q1_Speech,Treatment_Active,4. CLOUD,-0.266329,0.6684285714285714,-0.3984404787347724
Q1_Speech,BMI_Base,4. CLOUD,0.608869,0.42020663265306124,1.4489752247740117
Q1_Speech,Bulbar_Onset,4. CLOUD,-12.5325,0.9504336734693877,-13.186085836218698
Q1_Speech,FVC_Base,4. CLOUD,0.45473,0.34762066326530616,1.3081213174400608
